ID,Name,FullName,Age,Height,Weight,PhotoUrl,Nationality,Overall,Potential,Growth,TotalStats,BaseStats,Positions,BestPosition,Club,ValueEUR,WageEUR,ReleaseClause,ClubPosition,ContractUntil,ClubNumber,ClubJoined,OnLoad,NationalTeam,NationalPosition,NationalNumber,PreferredFoot,IntReputation,WeakFoot,SkillMoves,AttackingWorkRate,DefensiveWorkRate,PaceTotal,ShootingTotal,PassingTotal,DribblingTotal,DefendingTotal,PhysicalityTotal,Crossing,Finishing,HeadingAccuracy,ShortPassing,Volleys,Dribbling,Curve,FKAccuracy,LongPassing,BallControl,Acceleration,SprintSpeed,Agility,Reactions,Balance,ShotPower,Jumping,Stamina,Strength,LongShots,Aggression,Interceptions,Positioning,Vision,Penalties,Composure,Marking,StandingTackle,SlidingTackle,GKDiving,GKHandling,GKKicking,GKPositioning,GKReflexes,STRating,LWRating,LFRating,CFRating,RFRating,RWRating,CAMRating,LMRating,CMRating,RMRating,LWBRating,CDMRating,RWBRating,LBRating,CBRating,RBRating,GKRating
158023,L. Messi,Lionel Messi,35,169,67,https://cdn.sofifa.net/players/158/023/23_60.png,Argentina,91,91,0,2190,452,RW,CAM,Paris Saint-Germain,54000000,195000,99900000,RW,2023,30,2021,FALSE,Argentina,RW,10,Left,5,4,4,Low,Low,81,89,90,94,34,64,84,90,70,91,88,95,93,93,90,93,87,76,91,92,95,86,68,70,68,91,44,40,93,94,75,96,20,35,24,6,11,15,14,8,90,90,91,91,91,90,91,91,88,91,67,66,67,62,53,62,22
165153,K. Benzema,Karim Benzema,34,185,81,https://cdn.sofifa.net/players/165/153/23_60.png,France,91,91,0,2147,455,"CF,ST",CF,Real Madrid CF,64000000,450000,131199999,CF,2023,9,2009,FALSE,France,ST,19,Right,4,4,4,Medium,Medium,80,88,83,87,39,78,75,92,90,89,88,87,82,73,76,91,79,80,78,92,72,87,79,82,82,80,63,39,92,89,84,90,43,24,18,13,11,5,5,7,91,87,89,89,89,87,91,89,84,89,67,67,67,63,58,63,21
188545,R. Lewandowski,Robert Lewandowski,33,185,81,https://cdn.sofifa.net/players/188/545/23_60.png,Poland,91,91,0,2205,458,ST,ST,FC Barcelona,84000000,420000,172200000,ST,2025,9,2022,FALSE,Poland,ST,9,Right,5,4,4,High,Medium,75,91,79,86,44,83,71,94,91,84,89,85,79,85,70,89,76,75,77,93,82,91,85,76,87,84,81,49,94,81,90,88,35,42,19,15,6,12,8,10,91,85,88,88,88,85,88,86,83,86,67,69,67,64,63,64,22
192985,K. De Bruyne,Kevin De Bruyne,31,181,70,https://cdn.sofifa.net/players/192/985/23_60.png,Belgium,91,91,0,2303,483,"CM,CAM",CM,Manchester City,107500000,350000,198900000,CM,2025,17,2015,FALSE,Belgium,RF,7,Right,4,5,4,High,High,74,88,93,87,64,77,94,85,55,93,83,88,89,83,93,90,76,73,76,91,78,92,63,88,74,91,75,66,88,94,83,89,68,65,53,15,13,5,10,13,86,88,87,87,87,88,91,91,91,91,82,82,82,78,72,78,24
231747,K. Mbappé,Kylian Mbappé,23,182,73,https://cdn.sofifa.net/players/231/747/23_60.png,France,91,95,4,2177,470,"ST,LW",ST,Paris Saint-Germain,190500000,230000,366700000,ST,2024,7,2018,FALSE,France,ST,10,Right,4,4,5,High,Low,97,89,80,92,36,76,78,93,72,85,83,93,80,69,71,91,97,97,93,93,81,88,77,87,76,82,64,38,92,83,80,88,26,34,32,13,5,7,11,6,92,90,90,90,90,90,92,92,84,92,70,66,70,66,57,66,21
209331,M. Salah,Mohamed Salah,30,175,71,https://cdn.sofifa.net/players/209/331/23_60.png,Egypt,90,90,0,2226,471,RW,RW,Liverpool,115500000,270000,213700000,RW,2023,11,2017,FALSE,Not in team,,,Left,4,3,4,High,Medium,90,89,82,90,45,75,80,93,59,84,84,90,84,69,77,88,89,91,90,93,91,83,69,87,75,85,63,55,92,85,86,92,38,43,41,14,14,9,11,14,89,88,88,88,88,88,90,90,85,90,74,71,74,70,61,70,25
192119,T. Courtois,Thibaut Courtois,30,199,96,https://cdn.sofifa.net/players/192/119/23_60.png,Belgium,90,91,1,1334,473,GK,GK,Real Madrid CF,90000000,250000,191300000,GK,2026,1,2018,FALSE,Belgium,GK,1,Left,4,3,1,Medium,Medium,84,89,75,90,46,89,14,14,13,33,12,13,19,20,35,23,42,52,63,84,45,56,68,38,70,17,23,15,13,44,27,66,20,18,16,84,89,75,89,90,34,29,31,31,31,29,35,34,35,34,32,34,32,32,32,32,90
167495,M. Neuer,Manuel Neuer,36,193,93,https://cdn.sofifa.net/players/167/495/23_60.png,Germany,90,90,0,1535,501,GK,GK,FC Bayern München,13500000,72000,22300000,GK,2024,1,2011,FALSE,Germany,GK,1,Right,5,4,1,Medium,Medium,87,88,91,88,56,91,15,13,25,60,11,30,14,11,68,46,54,60,51,87,35,68,77,43,80,16,29,30,12,70,47,70,17,10,11,87,88,91,91,88,43,40,43,43,43,40,50,47,53,47,39,46,39,38,37,38,90
20801,Cristiano Ronaldo,C. Ronaldo dos Santos Aveiro,37,187,83,https://cdn.sofifa.net/players/020/801/23_60.png,Portugal,90,90,0,2159,445,ST,ST,Manchester United,41000000,220000,77900000,SUB,2023,7,2021,FALSE,Portugal,ST,7,Right,5,4,5,High,Low,81,92,78,85,34,75,80,93,90,80,86,85,81,79,75,88,79,83,77,94,67,93,95,76,77,90,63,29,95,76,90,95,24,32,24,7,11,15,14,11,90,86,88,88,88,86,88,87,81,87,65,62,65,61,56,61,23
203376,V. van Dijk,Virgil van Dijk,30,193,92,https://cdn.sofifa.net/players/203/376/23_60.png,Netherlands,90,90,0,2117,461,CB,CB,Liverpool,98000000,230000,181300000,CB,2025,4,2018,FALSE,Netherlands,CB,4,Right,4,3,2,Medium,High,81,60,71,72,91,86,53,52,87,79,45,70,60,70,86,76,68,91,61,89,53,81,88,74,93,64,85,90,47,65,62,90,92,92,86,13,10,13,11,11,74,68,70,70,70,68,73,73,79,73,83,88,83,85,90,85,23
202126,H. Kane,Harry Kane,28,188,89,https://cdn.sofifa.net/players/202/126/23_60.png,England,89,89,0,2193,453,ST,ST,Tottenham Hotspur,105500000,240000,200500000,ST,2024,10,2010,FALSE,England,ST,9,Right,4,5,3,High,High,68,91,83,82,47,82,80,93,85,84,87,83,82,65,85,84,67,69,68,92,71,92,79,83,83,86,80,44,94,87,92,92,50,36,38,8,10,11,14,11,89,84,86,86,86,84,88,86,84,86,69,71,69,66,64,66,23
190871,Neymar Jr,Neymar da Silva Santos Jr.,30,175,68,https://cdn.sofifa.net/players/190/871/23_60.png,Brazil,89,89,0,2157,446,LW,LW,Paris Saint-Germain,99500000,200000,184100000,LW,2025,10,2017,FALSE,Not in team,,,Right,5,5,5,High,Medium,87,83,85,93,37,61,84,83,63,85,86,95,88,87,81,94,88,86,93,88,82,79,62,79,52,81,63,37,86,89,91,93,35,32,29,9,9,15,15,11,85,88,88,88,88,88,89,89,85,89,69,66,69,64,53,64,23
200104,H. Son,Heung Min Son,29,183,78,https://cdn.sofifa.net/players/200/104/23_60.png,Korea Republic,89,89,0,2141,456,"LW,LM",LW,Tottenham Hotspur,101000000,240000,191900000,LW,2025,7,2015,FALSE,Not in team,,,Right,4,5,4,High,Medium,88,89,82,86,42,69,83,91,68,84,79,87,85,74,74,84,85,90,85,91,76,88,60,88,64,89,62,39,91,84,73,89,47,34,33,11,13,13,6,10,88,87,87,87,87,87,89,89,83,89,71,67,71,67,57,67,22
200145,Casemiro,Carlos Henrique Venancio Casimiro,30,185,84,https://cdn.sofifa.net/players/200/145/23_60.png,Brazil,89,89,0,2209,460,CDM,CDM,Manchester United,86000000,240000,163400000,SUB,2026,18,2022,FALSE,Not in team,,,Right,3,3,2,Medium,High,63,73,75,72,87,90,58,64,79,84,62,67,62,74,83,78,60,66,61,87,66,88,85,90,90,81,91,88,75,75,66,84,87,88,87,13,14,16,12,12,78,71,75,75,75,71,78,76,84,76,83,89,83,84,89,84,24
200389,J. Oblak,Jan Oblak,29,188,87,https://cdn.sofifa.net/players/200/389/23_60.png,Slovenia,89,91,2,1402,479,GK,GK,Atlético de Madrid,85500000,100000,181700000,GK,2023,13,2014,FALSE,Not in team,,,Right,5,3,1,Medium,Medium,86,90,78,89,49,87,13,11,15,43,13,12,13,14,40,30,43,58,65,87,49,59,77,41,78,12,34,21,11,65,11,68,27,12,18,86,90,78,87,89,36,32,34,34,34,32,41,37,41,37,35,40,35,35,36,35,90
208722,S. Mané,Sadio Mané,30,174,69,https://cdn.sofifa.net/players/208/722/23_60.png,Senegal,89,89,0,2188,462,"LM,CF",LM,FC Bayern München,99500000,145000,164200000,ST,2025,17,2022,FALSE,Not in team,,,Right,4,4,4,High,Medium,90,83,80,88,44,77,78,86,84,84,75,88,77,64,71,86,91,90,93,91,88,83,87,85,72,78,75,35,90,84,75,84,42,42,38,10,10,15,7,14,89,86,87,87,87,86,89,89,82,89,71,68,71,68,62,68,22
210257,Ederson,Ederson Santana de Moraes,28,188,86,https://cdn.sofifa.net/players/210/257/23_60.png,Brazil,89,91,2,1583,502,GK,GK,Manchester City,88000000,210000,169400000,GK,2026,31,2017,FALSE,Not in team,,,Left,3,3,1,Medium,Medium,87,82,93,88,64,88,20,14,14,61,18,23,15,20,66,40,64,63,60,88,48,70,66,41,78,18,38,27,20,70,51,70,29,15,8,87,82,93,88,88,43,41,43,43,43,41,50,47,52,47,40,47,40,39,38,39,90
212622,J. Kimmich,Joshua Kimmich,27,177,75,https://cdn.sofifa.net/players/212/622/23_60.png,Germany,89,90,1,2283,473,"CDM,RB",CDM,FC Bayern München,105500000,130000,182000000,CDM,2025,6,2015,FALSE,Germany,CDM,6,Right,4,4,3,High,Medium,68,72,87,84,83,79,91,68,72,87,69,82,85,69,90,85,77,60,84,88,84,78,79,94,68,83,89,84,80,85,44,85,85,85,78,8,15,7,15,15,80,81,80,80,80,81,85,86,89,86,87,89,87,86,84,86,24
212831,Alisson,Alisson Ramses Becker,29,191,91,https://cdn.sofifa.net/players/212/831/23_60.png,Brazil,89,90,1,1437,489,GK,GK,Liverpool,79000000,190000,152100000,GK,2027,1,2018,FALSE,Not in team,,,Right,3,3,1,Medium,Medium,86,85,85,89,54,90,17,13,29,60,20,27,19,18,58,40,58,49,40,87,37,64,52,32,78,14,27,11,13,66,23,68,15,19,16,86,85,85,90,89,42,38,41,41,41,38,48,45,49,45,36,42,36,35,35,35,90
215914,N. Kanté,N'Golo Kanté,31,168,70,https://cdn.sofifa.net/players/215/914/23_60.png,France,89,89,0,2154,462,"CDM,CM",CDM,Chelsea,72000000,220000,133199999,CM,2023,7,2016,FALSE,France,CDM,13,Right,4,3,2,Medium,High,72,66,74,81,87,82,68,65,54,82,56,78,49,49,76,81,77,68,78,93,92,71,75,95,72,65,93,91,72,77,54,84,90,93,86,15,12,10,7,10,75,76,76,76,76,76,80,81,84,81,87,89,87,87,87,87,23
239818,Rúben Dias,Rúben Santos Gato Alves Dias,25,187,82,https://cdn.sofifa.net/players/239/818/23_60.png,Portugal,88,91,3,1894,412,CB,CB,Manchester City,107500000,230000,206900000,CB,2027,3,2020,FALSE,Portugal,CB,4,Right,3,4,2,Medium,High,63,39,66,68,88,88,54,29,87,82,32,64,46,48,76,74,57,67,60,89,56,74,78,83,89,26,92,85,39,51,45,81,90,89,85,7,8,13,7,12,64,59,60,60,60,59,65,67,73,67,81,86,81,83,90,83,21
239085,E. Haaland,Erling Haaland,21,195,94,https://cdn.sofifa.net/players/239/085/23_60.png,Norway,88,94,6,2120,461,ST,ST,Manchester City,148000000,220000,303400000,ST,2027,9,2022,FALSE,Norway,ST,9,Left,4,3,3,High,Medium,89,91,65,80,49,87,47,94,79,74,88,78,77,62,53,82,82,94,76,88,72,94,74,81,93,87,85,43,89,74,76,85,44,53,29,7,14,13,11,7,90,80,84,84,84,80,83,80,76,80,65,67,65,64,65,64,22
230621,G. Donnarumma,Gianluigi Donnarumma,23,196,90,https://cdn.sofifa.net/players/230/621/23_60.png,Italy,88,92,4,1375,478,GK,GK,Paris Saint-Germain,103500000,110000,199200000,GK,2026,99,2021,FALSE,Italy,GK,21,Right,3,3,1,Medium,Medium,90,83,79,89,52,85,12,12,12,36,8,28,12,14,34,30,50,55,64,85,38,59,72,34,72,18,30,26,14,60,24,65,20,14,16,90,83,79,85,89,37,34,36,36,36,34,41,38,40,38,34,37,34,34,34,34,89
218667,Bernardo Silva,Bernardo Mota Carvalho e Silva,27,173,64,https://cdn.sofifa.net/players/218/667/23_60.png,Portugal,88,88,0,2185,460,"CAM,CM",CAM,Manchester City,97500000,260000,180400000,RW,2025,20,2017,FALSE,Portugal,CM,10,Left,2,3,4,High,High,77,78,84,92,61,68,85,79,51,89,78,92,85,67,77,91,84,71,94,87,92,79,51,93,54,78,75,60,83,85,68,90,59,71,53,9,10,14,12,9,80,86,84,84,84,86,88,88,86,88,79,77,79,75,67,75,21
210514,João Cancelo,João Pedro Cavaco Cancelo,28,182,74,https://cdn.sofifa.net/players/210/514/23_60.png,Portugal,88,88,0,2262,482,"LB,RB",LB,Manchester City,82500000,250000,152600000,LB,2027,7,2019,FALSE,Portugal,RB,20,Right,3,4,4,High,Medium,85,73,85,85,81,73,88,69,72,88,62,86,87,69,79,87,86,84,79,85,78,80,72,91,62,79,76,82,81,85,52,86,81,84,80,6,9,15,14,14,81,84,83,83,83,84,87,88,87,88,88,86,88,87,82,87,22
207865,Marquinhos,Marcos Aoás Corrêa,28,183,75,https://cdn.sofifa.net/players/207/865/23_60.png,Brazil,88,90,2,2082,453,CB,CB,Paris Saint-Germain,92000000,170000,177100000,CB,2024,5,2013,FALSE,Not in team,,,Right,3,3,3,Medium,High,79,56,75,74,89,80,68,59,88,84,35,69,58,32,85,79,77,81,68,88,66,65,92,82,78,45,81,89,70,76,52,86,90,89,89,6,6,12,10,13,75,73,73,73,73,73,78,79,82,79,86,88,86,87,90,87,21
193041,K. Navas,Keylor Navas,35,185,80,https://cdn.sofifa.net/players/193/041/23_60.png,Costa Rica,88,88,0,1428,478,GK,GK,Paris Saint-Germain,10000000,85000,18500000,SUB,2024,1,2019,FALSE,Not in team,,,Right,3,3,1,Medium,Medium,89,84,75,89,54,87,11,15,11,40,11,24,21,15,37,30,54,53,60,85,61,56,74,39,75,13,32,22,16,68,25,67,28,14,14,89,84,75,87,89,37,35,37,37,37,35,43,40,42,40,35,39,35,34,35,34,88
192448,M. ter Stegen,Marc-André ter Stegen,30,187,85,https://cdn.sofifa.net/players/192/448/23_60.png,Germany,88,89,1,1443,480,GK,GK,FC Barcelona,68500000,210000,145600000,GK,2025,1,2014,FALSE,Germany,SUB,12,Right,4,4,1,Medium,Medium,86,85,87,90,47,85,18,14,11,61,14,21,18,12,63,30,45,50,39,85,43,65,79,35,78,10,43,22,11,70,25,70,25,13,10,86,85,87,85,90,38,35,38,38,38,35,45,42,48,42,36,44,36,34,36,34,89
182521,T. Kroos,Toni Kroos,32,183,76,https://cdn.sofifa.net/players/182/521/23_60.png,Germany,88,88,0,2147,444,CM,CM,Real Madrid CF,72000000,310000,147600000,CM,2023,8,2014,FALSE,Not in team,,,Right,4,5,3,Medium,Medium,53,81,90,81,71,68,88,77,58,93,82,80,86,84,93,88,55,52,63,90,71,89,32,75,72,86,60,80,76,89,73,88,71,73,60,10,11,13,7,10,80,80,81,81,81,80,86,84,88,84,80,84,80,77,74,77,22
177003,L. Modrić,Luka Modrić,36,172,66,https://cdn.sofifa.net/players/177/003/23_60.png,Croatia,88,88,0,2257,464,CM,CM,Real Madrid CF,29000000,230000,59500000,CM,2023,10,2012,FALSE,Croatia,CM,10,Right,4,4,4,Medium,Medium,73,76,89,88,72,66,86,72,55,91,76,85,85,78,92,90,76,70,91,88,92,79,67,83,58,82,62,80,78,90,82,92,70,75,72,13,9,7,14,9,79,83,82,82,82,83,88,87,88,87,84,84,84,82,75,82,22
205452,A. Rüdiger,Antonio Rüdiger,29,190,85,https://cdn.sofifa.net/players/205/452/23_60.png,Germany,87,88,1,2011,444,CB,CB,Real Madrid CF,73500000,250000,156200000,CB,2026,22,2022,FALSE,Germany,CB,2,Right,2,3,2,High,High,82,53,71,67,86,85,68,40,82,80,34,64,50,56,78,72,72,91,56,85,50,77,84,71,90,67,92,84,49,61,40,78,88,87,84,14,15,10,12,8,69,67,67,67,67,67,69,71,74,71,81,83,81,83,88,83,22
231866,Rodri,Rodrigo Hernández Cascante,26,191,82,https://cdn.sofifa.net/players/231/866/23_60.png,Spain,87,89,2,2133,454,CDM,CDM,Manchester City,88500000,200000,170400000,CDM,2027,16,2019,FALSE,Spain,SUB,16,Right,3,4,3,Medium,High,58,72,78,79,83,84,63,64,80,86,59,78,65,61,83,85,54,62,65,82,65,89,72,88,84,82,82,83,75,83,46,85,84,86,78,10,10,7,14,8,79,74,77,77,77,74,82,79,86,79,82,87,82,82,85,82,21
209499,Fabinho,Fábio Henrique Tavares,28,188,78,https://cdn.sofifa.net/players/209/499/23_60.png,Brazil,87,88,1,2165,459,"CDM,CB",CDM,Liverpool,77000000,185000,148200000,CDM,2026,3,2018,FALSE,Not in team,,,Right,3,2,3,Medium,High,66,69,78,77,86,83,75,63,75,84,47,78,71,53,82,81,64,68,63,86,64,81,75,88,81,70,85,88,70,76,90,85,86,88,86,13,12,6,8,8,77,75,75,75,75,75,79,80,84,80,85,88,85,85,87,85,21
167948,H. Lloris,Hugo Lloris,35,188,82,https://cdn.sofifa.net/players/167/948/23_60.png,France,87,87,0,1399,478,GK,GK,Tottenham Hotspur,9000000,80000,17100000,GK,2024,1,2012,FALSE,France,GK,1,Left,4,1,1,Medium,Medium,88,83,74,88,61,84,13,10,9,54,15,12,12,10,55,29,61,62,54,84,56,56,74,41,43,14,31,25,9,59,40,59,24,12,18,88,83,74,84,88,34,33,35,35,35,33,42,40,44,40,37,41,37,36,32,36,87
189596,T. Müller,Thomas Müller,32,185,76,https://cdn.sofifa.net/players/189/596/23_60.png,Germany,87,87,0,2140,443,"CAM,CF",CAM,FC Bayern München,63000000,115000,104000000,CAM,2024,25,2008,FALSE,Germany,CAM,13,Right,4,4,3,High,High,69,84,83,80,56,71,85,88,81,85,84,77,81,59,79,84,66,71,72,94,71,78,77,86,66,82,62,58,96,86,70,84,47,57,46,6,7,11,14,14,86,83,84,84,84,83,87,86,85,86,74,74,74,72,66,72,23
193080,De Gea,David De Gea Quintana,31,192,76,https://cdn.sofifa.net/players/193/080/23_60.png,Spain,87,87,0,1415,468,GK,GK,Manchester United,42000000,150000,79800000,GK,2023,1,2011,FALSE,Spain,SUB,1,Right,4,3,1,Medium,Medium,88,80,76,89,51,84,17,13,21,48,13,18,21,19,50,34,52,50,63,89,43,57,67,43,55,12,30,30,12,53,29,58,25,21,13,88,80,76,84,89,37,34,36,36,36,34,42,40,44,40,38,42,38,37,36,37,87
199556,M. Verratti,Marco Verratti,29,165,60,https://cdn.sofifa.net/players/199/556/23_60.png,Italy,87,87,0,2189,444,"CM,CAM",CM,Paris Saint-Germain,77500000,155000,143400000,CM,2024,6,2012,FALSE,Italy,CM,6,Right,3,4,4,Medium,High,60,61,87,91,79,66,82,60,57,90,64,91,85,64,89,92,65,55,90,87,93,60,66,75,53,58,89,85,78,89,64,94,78,82,84,12,12,15,15,10,74,80,79,79,79,80,86,85,87,85,85,87,85,83,80,83,24
215698,M. Maignan,Mike Maignan,26,191,89,https://cdn.sofifa.net/players/215/698/23_60.png,France,87,90,3,1496,477,GK,GK,AC Milan,80000000,90000,142000000,GK,2026,16,2021,FALSE,France,SUB,16,Right,2,4,1,Medium,Medium,85,82,85,89,51,85,18,15,17,57,16,31,38,16,53,40,50,53,41,85,56,64,74,39,78,20,35,25,15,61,15,66,23,16,19,85,82,85,85,89,40,38,41,41,41,38,46,44,47,44,38,43,38,36,37,36,87
231281,T. Alexander-Arnold,Trent Alexander-Arnold,23,180,69,https://cdn.sofifa.net/players/231/281/23_60.png,England,87,90,3,2234,467,RB,CM,Liverpool,100500000,150000,193500000,RB,2025,66,2015,FALSE,Not in team,,,Right,3,4,3,High,Medium,76,69,89,80,80,73,92,62,69,87,63,78,87,85,91,86,76,76,73,83,73,82,66,89,66,75,71,83,78,90,55,82,79,83,80,14,15,14,6,7,78,80,79,79,79,80,85,86,88,86,87,87,87,86,81,86,22
216267,A. Robertson,Andrew Robertson,28,178,64,https://cdn.sofifa.net/players/216/267/23_60.png,Scotland,87,87,0,2154,461,LB,LB,Liverpool,72000000,185000,133199999,LB,2026,26,2017,FALSE,Scotland,LWB,3,Left,3,2,3,High,High,80,61,81,81,82,76,88,55,67,82,32,81,82,71,76,83,79,81,75,85,74,76,62,95,65,65,85,84,77,80,55,83,83,84,82,11,8,10,7,14,75,78,77,77,77,78,81,84,84,84,87,85,87,87,82,87,21
201024,K. Koulibaly,Kalidou Koulibaly,31,187,89,https://cdn.sofifa.net/players/201/024/23_60.png,Senegal,87,87,0,1789,415,CB,CB,Chelsea,54500000,175000,100800000,CB,2026,26,2022,FALSE,Not in team,,,Right,3,4,2,Medium,High,82,33,59,68,88,85,38,25,84,71,14,70,53,28,67,72,74,88,51,83,34,67,82,70,94,20,83,85,35,60,33,82,90,89,86,7,11,7,13,5,62,59,60,60,60,59,64,66,69,66,78,82,78,81,87,81,20
209658,L. Goretzka,Leon Goretzka,27,189,82,https://cdn.sofifa.net/players/209/658/23_60.png,Germany,87,88,1,2312,492,"CM,CDM",CM,FC Bayern München,91000000,115000,157000000,CDM,2026,8,2018,FALSE,Germany,SUB,8,Right,4,4,3,High,Medium,78,82,82,83,81,86,75,82,86,86,71,84,76,75,85,86,78,78,76,87,73,85,80,86,88,86,82,86,85,84,60,82,74,84,78,13,8,15,11,9,87,83,84,84,84,83,87,86,88,86,85,87,85,85,86,85,22
228702,F. de Jong,Frenkie de Jong,25,180,74,https://cdn.sofifa.net/players/228/702/23_60.png,Netherlands,87,92,5,2238,479,CM,CM,FC Barcelona,116500000,230000,247600000,CM,2026,21,2019,FALSE,Netherlands,CDM,21,Right,3,3,4,High,Medium,82,69,86,87,77,78,78,72,72,91,70,87,84,64,89,89,80,83,87,88,79,68,76,89,74,66,74,82,77,88,53,90,76,76,77,7,13,10,10,9,81,83,82,82,82,83,88,88,89,88,86,87,86,85,81,85,21
189509,Thiago,Thiago Alcântara,31,174,70,https://cdn.sofifa.net/players/189/509/23_60.png,Spain,86,86,0,2225,451,CM,CM,Liverpool,55500000,180000,102700000,CM,2024,6,2020,FALSE,Not in team,,,Right,3,3,5,Medium,Medium,61,72,87,90,72,69,78,68,54,91,82,89,85,77,89,92,69,55,90,84,90,75,86,76,60,73,80,82,75,88,75,90,68,74,74,6,11,7,9,13,77,81,80,80,80,81,86,85,86,85,81,84,81,79,76,79,21
192387,C. Immobile,Ciro Immobile,32,185,85,https://cdn.sofifa.net/players/192/387/23_60.png,Italy,86,86,0,2060,434,ST,ST,Lazio,55000000,100000,93500000,ST,2025,17,2016,FALSE,Italy,ST,17,Right,4,4,3,High,Medium,85,87,68,80,39,75,55,91,81,79,85,79,70,58,57,81,84,86,75,87,84,86,82,78,74,80,73,40,90,71,88,76,34,33,32,6,8,15,12,6,86,80,83,83,83,80,83,81,76,81,64,62,64,61,58,61,20
192505,R. Lukaku,Romelu Lukaku,29,191,94,https://cdn.sofifa.net/players/192/505/23_60.png,Belgium,86,86,0,2034,437,ST,ST,Inter,68000000,200000,0,ST,2023,90,2021,TRUE,Belgium,ST,9,Left,4,4,3,Medium,Low,80,85,75,77,38,82,73,88,87,78,79,82,78,66,70,78,72,86,59,86,52,87,74,67,95,75,71,27,86,75,88,82,30,41,30,8,15,14,7,10,86,80,82,82,82,80,82,82,76,82,63,62,63,60,59,60,22
197445,D. Alaba,David Alaba,30,180,78,https://cdn.sofifa.net/players/197/445/23_60.png,Austria,86,86,0,2277,475,CB,CB,Real Madrid CF,55500000,220000,113800000,CB,2026,4,2021,FALSE,Austria,LB,8,Left,4,4,3,Medium,Medium,79,71,83,80,85,77,83,63,77,89,67,77,77,85,80,85,79,79,76,88,78,82,81,74,78,78,78,87,73,78,79,85,89,84,83,5,7,14,15,9,80,79,79,79,79,79,83,83,85,83,86,86,86,86,86,86,21
202652,R. Sterling,Raheem Sterling,27,170,69,https://cdn.sofifa.net/players/202/652/23_60.png,England,86,86,0,2102,446,"LW,RW",LW,Chelsea,72500000,195000,134100000,ST,2027,17,2022,FALSE,England,LW,7,Right,4,3,4,High,Medium,90,80,78,86,45,67,79,82,46,83,67,86,79,72,67,84,94,86,94,91,93,78,57,79,65,80,59,30,91,80,70,77,47,53,47,15,12,12,15,9,83,85,85,85,85,85,86,86,80,86,71,67,71,68,58,68,24
204485,R. Mahrez,Riyad Mahrez,31,179,67,https://cdn.sofifa.net/players/204/485/23_60.png,Algeria,86,86,0,2063,432,"RW,RM",RW,Manchester City,56500000,220000,104500000,SUB,2025,26,2018,FALSE,Not in team,,,Left,3,4,5,Medium,Medium,80,83,81,90,38,60,81,84,56,83,76,91,85,78,75,90,84,77,92,83,88,84,56,75,57,83,48,39,83,83,80,83,45,31,22,15,9,13,11,6,83,85,85,85,85,85,86,86,81,86,67,64,67,62,52,62,21
211110,P. Dybala,Paulo Dybala,28,177,75,https://cdn.sofifa.net/players/211/110/23_60.png,Argentina,86,86,0,2108,439,"CF,CAM",CAM,Roma,69500000,130000,118200000,RF,2025,21,2022,FALSE,Argentina,SUB,21,Left,3,3,4,High,Low,80,85,85,90,40,59,82,83,58,86,88,90,89,88,79,93,84,76,88,79,90,84,74,68,60,89,43,42,82,91,84,79,32,41,39,5,4,4,5,8,84,86,85,85,85,86,86,86,84,86,68,66,68,64,54,64,17
164240,Thiago Silva,Thiago Emiliano da Silva,37,183,79,https://cdn.sofifa.net/players/164/240/23_60.png,Brazil,86,86,0,2012,411,CB,CB,Chelsea,12000000,115000,22200000,CB,2023,6,2020,FALSE,Not in team,,,Right,4,3,2,Medium,High,49,54,73,72,87,76,60,40,82,81,61,67,62,61,82,79,45,52,62,83,66,71,88,66,80,65,76,89,59,71,60,86,89,86,84,9,12,5,9,10,68,65,66,66,66,65,72,70,79,70,78,85,78,80,86,80,21
186153,W. Szczęsny,Wojciech Szczęsny,32,195,90,https://cdn.sofifa.net/players/186/153/23_60.png,Poland,86,86,0,1314,462,GK,GK,Juventus,33500000,125000,57000000,RES,2024,1,2017,FALSE,Poland,GK,1,Right,3,3,1,Medium,Medium,86,81,73,87,49,86,12,12,16,32,14,11,16,14,36,22,51,47,55,82,51,55,71,45,65,14,40,15,14,48,18,65,20,13,12,86,81,73,86,87,34,28,31,31,31,28,35,34,36,34,31,34,31,31,32,31,86
188943,K. Trapp,Kevin Trapp,31,189,84,https://cdn.sofifa.net/players/188/943/23_60.png,Germany,86,86,0,1252,463,GK,GK,Eintracht Frankfurt,36000000,43000,61200000,GK,2024,1,2019,FALSE,Germany,SUB,22,Right,3,4,1,Medium,Medium,84,82,79,87,46,85,13,13,11,25,12,10,14,12,12,24,43,50,42,83,37,59,76,45,75,13,30,22,12,46,17,64,15,14,10,84,82,79,85,87,33,27,30,30,30,27,32,31,31,31,31,32,31,31,32,31,86
212198,Bruno Fernandes,Bruno Miguel Borges Fernandes,27,179,69,https://cdn.sofifa.net/players/212/198/23_60.png,Portugal,86,86,0,2305,470,"CAM,CM",CAM,Manchester United,72500000,190000,137800000,CAM,2026,8,2020,FALSE,Portugal,CM,11,Right,3,3,4,High,High,72,86,88,81,67,76,85,83,64,88,87,79,87,85,88,84,75,69,78,91,79,88,71,92,66,88,80,64,86,91,90,79,66,73,65,12,14,15,8,14,84,83,84,84,84,83,86,86,86,86,81,82,81,79,74,79,24
189513,Parejo,Daniel Parejo Muñoz,33,182,74,https://cdn.sofifa.net/players/189/513/23_60.png,Spain,86,86,0,2162,442,CM,CM,Villarreal CF,42000000,64000,88200000,CM,2024,10,2020,FALSE,Not in team,,,Right,2,4,3,Medium,Medium,50,83,90,80,71,68,86,83,61,92,72,81,88,90,90,86,52,49,63,79,72,81,49,76,70,88,58,80,81,90,88,85,70,70,69,5,9,12,14,8,79,80,80,80,80,80,85,82,86,82,78,81,78,76,73,76,19
212218,A. Laporte,Aymeric Laporte,28,191,85,https://cdn.sofifa.net/players/212/218/23_60.png,Spain,86,87,1,1962,417,CB,CB,Manchester City,64500000,195000,124200000,CB,2025,14,2018,FALSE,Spain,CB,15,Left,3,3,2,Medium,Medium,61,50,72,69,86,79,58,45,84,83,40,63,61,69,81,78,55,65,57,87,55,68,80,67,84,47,81,87,54,65,44,84,86,87,86,10,11,5,14,5,69,64,66,66,66,64,71,70,77,70,80,85,80,81,87,81,21
213345,K. Coman,Kingsley Coman,26,179,75,https://cdn.sofifa.net/players/213/345/23_60.png,France,86,87,1,1979,426,LM,LM,FC Bayern München,80000000,105000,138000000,RM,2027,11,2015,FALSE,France,RM,11,Right,4,3,5,Medium,Medium,92,77,79,87,30,61,81,76,61,80,78,88,83,70,74,87,94,90,92,86,84,83,73,69,66,73,35,23,84,81,70,78,29,27,21,5,3,5,3,5,83,84,84,84,84,84,86,87,78,87,63,58,63,59,48,59,16
216352,M. Brozović,Marcelo Brozović,29,181,68,https://cdn.sofifa.net/players/216/352/23_60.png,Croatia,86,86,0,2227,464,"CDM,CM",CDM,Inter,58000000,110000,95700000,CDM,2026,77,2016,FALSE,Croatia,CDM,11,Right,3,4,3,Medium,Medium,69,74,81,81,81,78,73,69,70,85,65,79,79,74,84,84,70,68,79,83,84,80,70,94,68,84,86,84,67,83,69,82,80,84,82,8,8,15,11,8,77,77,77,77,77,77,83,81,86,81,84,86,84,84,83,84,20
224232,N. Barella,Nicolò Barella,25,172,68,https://cdn.sofifa.net/players/224/232/23_60.png,Italy,86,89,3,2296,480,CM,CM,Inter,89500000,110000,154400000,CM,2026,23,2020,FALSE,Italy,CM,18,Right,3,3,3,High,High,79,76,83,84,77,81,79,73,53,86,80,80,79,67,85,87,80,78,90,88,90,77,78,94,73,79,84,83,81,86,73,86,79,79,81,11,5,13,14,11,80,82,81,81,81,82,86,86,88,86,86,87,86,85,81,85,22
231478,L. Martínez,Lautaro Martínez,24,174,72,https://cdn.sofifa.net/players/231/478/23_60.png,Argentina,86,90,4,2163,455,ST,ST,Inter,98500000,110000,169900000,ST,2026,10,2018,FALSE,Argentina,ST,22,Right,3,4,4,High,Medium,83,83,72,85,48,84,58,88,84,76,90,84,78,54,73,86,86,80,86,89,89,80,89,80,84,76,90,45,86,80,74,86,55,31,44,11,8,8,8,13,88,82,84,84,84,82,85,83,79,83,68,69,68,66,65,66,22
232363,M. Škriniar,Milan Škriniar,27,188,80,https://cdn.sofifa.net/players/232/363/23_60.png,Slovakia,86,87,1,1861,419,CB,CB,Inter,68500000,105000,118200000,CB,2023,37,2017,FALSE,Not in team,,,Right,3,3,2,Low,High,78,41,57,69,88,86,40,42,81,72,40,67,34,30,73,72,75,81,54,86,56,50,85,81,89,30,87,86,30,46,56,87,91,90,82,10,13,12,8,12,63,59,60,60,60,59,64,66,70,66,79,83,79,82,87,82,22
232411,C. Nkunku,Christopher Nkunku,24,175,73,https://cdn.sofifa.net/players/232/411/23_60.png,France,86,89,3,2196,471,"CF,CAM,ST",CAM,RB Leipzig,94000000,90000,166900000,CAM,2024,18,2019,FALSE,France,SUB,12,Right,3,3,5,High,Medium,88,81,83,88,65,66,81,86,61,85,70,89,82,80,80,88,87,89,88,85,90,79,59,78,64,78,59,67,86,85,67,81,62,69,59,5,6,10,15,7,85,86,85,85,85,86,89,89,86,89,80,77,80,77,70,77,20
234642,É. Mendy,Édouard Mendy,30,197,86,https://cdn.sofifa.net/players/234/642/23_60.png,Senegal,86,87,1,1225,454,GK,GK,Chelsea,51000000,130000,98200000,GK,2025,16,2020,FALSE,Not in team,,,Right,2,2,1,Medium,Medium,84,82,81,88,34,85,10,5,10,47,9,18,13,14,54,31,33,36,50,84,33,61,39,37,72,9,22,13,6,52,13,58,10,11,13,84,82,81,85,88,31,29,32,32,32,29,37,34,40,34,30,36,30,28,28,28,86
238794,Vinícius Jr.,Vinícius José de Oliveira Júnior,21,176,73,https://cdn.sofifa.net/players/238/794/23_60.png,Brazil,86,92,6,1985,434,LW,LW,Real Madrid CF,109000000,200000,245300000,LW,2025,20,2018,FALSE,Not in team,,,Right,2,4,5,High,Medium,95,79,74,90,29,67,72,84,50,75,72,92,77,62,73,89,95,95,94,82,83,76,75,84,62,76,58,26,82,75,65,79,32,25,18,5,7,7,7,10,81,85,84,84,84,85,85,86,77,86,63,58,63,58,47,58,17
223848,S. Milinković-Savić,Sergej Milinković-Savić,27,191,76,https://cdn.sofifa.net/players/223/848/23_60.png,Serbia,86,87,1,2250,477,CM,CM,Lazio,77500000,90000,137600000,CM,2024,21,2015,FALSE,Not in team,,,Right,3,5,4,High,Medium,68,80,82,82,79,86,71,82,86,86,74,85,81,78,86,87,66,70,62,84,63,83,87,91,87,81,79,79,82,83,59,84,78,79,74,7,10,7,16,7,85,80,82,82,82,80,86,84,87,84,83,86,83,82,84,82,21
212190,N. Süle,Niklas Süle,26,195,99,https://cdn.sofifa.net/players/212/190/23_60.png,Germany,85,87,2,1839,412,"CB,RB",CB,Borussia Dortmund,59000000,72000,104700000,SUB,2026,25,2022,FALSE,Germany,CB,15,Right,3,3,3,Medium,Medium,71,48,66,59,85,83,48,30,84,79,46,57,33,38,77,64,60,80,34,82,44,78,60,65,94,62,86,81,42,66,32,82,83,89,87,15,7,14,7,15,65,58,61,61,61,58,66,65,73,65,77,82,77,79,87,79,22
216594,N. Fekir,Nabil Fekir,28,173,75,https://cdn.sofifa.net/players/216/594/23_60.png,France,85,85,0,2126,452,CAM,CAM,Real Betis Balompié,54500000,48000,114500000,CAM,2026,8,2019,FALSE,Not in team,,,Left,3,4,4,High,Medium,83,82,82,87,38,80,81,83,49,83,77,89,83,79,77,86,88,79,85,81,91,84,64,80,81,83,79,34,82,87,74,89,34,42,30,15,9,8,14,15,83,84,84,84,84,84,85,85,82,85,67,66,67,63,56,63,23
206113,S. Gnabry,Serge Gnabry,26,176,77,https://cdn.sofifa.net/players/206/113/23_60.png,Germany,85,85,0,2058,442,RM,RM,FC Bayern München,59000000,100000,97400000,SUB,2026,7,2017,FALSE,Germany,SUB,10,Right,4,4,4,High,Medium,82,84,79,85,43,69,78,86,42,82,83,87,74,62,75,82,85,79,85,82,88,87,55,76,69,82,63,38,86,82,68,82,45,44,43,14,10,10,9,7,82,83,83,83,83,83,85,85,80,85,69,66,69,65,56,65,21
186942,İ. Gündoğan,İlkay Gündoğan,31,180,80,https://cdn.sofifa.net/players/186/942/23_60.png,Germany,85,85,0,2195,458,"CM,CDM",CM,Manchester City,44000000,185000,81400000,CM,2023,8,2016,FALSE,Germany,CDM,21,Right,3,4,4,High,Medium,64,80,85,85,72,72,78,81,50,88,75,85,86,80,85,90,66,63,77,86,77,79,61,74,73,81,70,75,83,86,80,87,76,75,67,11,14,5,5,13,81,82,82,82,82,82,85,85,85,85,80,83,80,78,75,78,22
188377,K. Walker,Kyle Walker,32,183,83,https://cdn.sofifa.net/players/188/377/23_60.png,England,85,85,0,2196,471,RB,RB,Manchester City,37500000,170000,69400000,RB,2024,2,2017,FALSE,England,RB,2,Right,3,2,3,High,High,91,63,77,78,80,82,77,51,74,80,57,79,76,71,81,81,87,94,66,85,69,86,83,86,80,69,84,80,68,69,63,75,76,84,83,12,6,16,15,8,77,76,76,76,76,76,78,81,81,81,85,84,85,85,84,85,22
188567,P. Aubameyang,Pierre-Emerick Aubameyang,33,187,80,https://cdn.sofifa.net/players/188/567/23_60.png,Gabon,85,85,0,2028,428,ST,ST,Chelsea,34500000,180000,63800000,SUB,2024,9,2022,FALSE,Not in team,,,Right,3,4,4,High,Low,87,84,74,79,36,68,72,87,76,78,82,78,80,76,64,81,85,89,77,84,67,82,75,74,74,79,43,48,88,74,82,83,20,29,36,6,9,15,9,9,85,81,82,82,82,81,83,83,76,83,65,61,65,62,54,62,20
189332,Jordi Alba,Jordi Alba Ramos,33,170,68,https://cdn.sofifa.net/players/189/332/23_60.png,Spain,85,85,0,2218,465,LB,LB,FC Barcelona,28000000,190000,57400000,LB,2024,18,2012,FALSE,Spain,LB,18,Left,3,3,3,High,Medium,84,70,82,82,77,70,86,73,70,86,75,79,82,63,81,84,86,83,87,79,84,64,80,83,61,66,75,80,83,78,59,80,74,78,79,13,15,13,6,13,79,81,79,79,79,81,84,85,84,85,85,83,85,84,79,84,22
189511,Sergio Busquets,Sergio Busquets Burgos,33,189,76,https://cdn.sofifa.net/players/189/511/23_60.png,Spain,85,85,0,2002,417,CDM,CDM,FC Barcelona,26500000,190000,54300000,CDM,2023,5,2008,FALSE,Spain,CDM,5,Right,4,3,3,Medium,Medium,42,62,79,79,82,73,62,67,68,87,50,80,66,68,85,85,40,43,66,81,50,61,66,75,70,54,79,84,76,83,60,90,83,83,82,5,8,13,9,13,73,72,74,74,74,72,80,77,85,77,79,85,79,78,82,78,20
192629,Iago Aspas,Iago Aspas Juncal,34,176,67,https://cdn.sofifa.net/players/192/629/23_60.png,Spain,85,85,0,2069,430,ST,ST,RC Celta de Vigo,26000000,50000,54600000,ST,2025,10,2015,FALSE,Not in team,,,Left,2,4,3,High,High,82,85,79,86,35,63,80,90,76,79,84,87,79,83,73,86,78,85,87,84,72,79,66,70,60,80,63,39,86,81,82,85,39,21,18,12,16,9,12,13,85,84,84,84,84,84,85,84,78,84,63,60,63,59,51,59,23
195864,P. Pogba,Paul Pogba,29,191,84,https://cdn.sofifa.net/players/195/864/23_60.png,France,85,85,0,2170,459,"CM,CDM,LM",CM,Juventus,52500000,165000,89300000,SUB,2026,10,2022,FALSE,France,CDM,6,Right,4,4,5,Medium,Low,67,80,85,85,62,80,73,74,74,87,84,89,85,82,92,87,60,72,71,77,65,90,80,65,88,84,79,62,77,90,80,85,53,67,63,5,6,2,4,3,83,80,82,82,82,80,85,83,85,83,74,78,74,72,73,72,15
202556,M. Depay,Memphis Depay,28,176,78,https://cdn.sofifa.net/players/202/556/23_60.png,Netherlands,85,85,0,2089,444,"CF,ST,LW",CF,FC Barcelona,55000000,230000,112800000,SUB,2023,14,2021,FALSE,Netherlands,ST,10,Right,4,3,5,High,Low,83,84,82,86,30,79,84,84,65,81,75,87,85,83,76,87,82,84,80,84,81,87,69,79,83,83,72,28,85,85,76,80,23,31,20,8,14,6,12,10,85,84,84,84,84,84,85,85,80,85,64,62,64,59,52,59,22
205498,Jorginho,Luiz Frello Filho Jorge,30,180,68,https://cdn.sofifa.net/players/205/498/23_60.png,Italy,85,85,0,2128,434,CM,CM,Chelsea,51500000,165000,95300000,CM,2023,5,2018,FALSE,Italy,CM,8,Right,2,3,3,Medium,Medium,54,67,86,81,73,73,75,64,56,92,71,79,75,76,89,87,63,47,75,82,72,71,58,87,66,62,79,81,69,88,89,84,67,81,71,14,7,13,14,8,72,75,75,75,75,75,82,80,85,80,80,84,80,77,75,77,21
224334,M. Acuña,Marcos Acuña,30,172,69,https://cdn.sofifa.net/players/224/334/23_60.png,Argentina,85,85,0,2303,483,LB,LB,Sevilla FC,46500000,46000,97700000,LB,2024,19,2020,FALSE,Argentina,LB,8,Left,2,3,3,High,High,76,74,83,87,80,83,87,66,60,84,68,87,88,75,78,88,77,76,83,84,90,82,63,91,80,81,84,80,81,82,76,87,81,85,84,8,14,13,13,14,79,82,81,81,81,82,84,85,85,85,85,85,85,85,82,85,22
208093,Gerard Moreno,Gerard Moreno Balagueró,30,180,77,https://cdn.sofifa.net/players/208/093/23_60.png,Spain,85,85,0,2109,442,ST,ST,Villarreal CF,53000000,64000,111300000,ST,2027,7,2018,FALSE,Spain,SUB,9,Left,2,4,3,High,Medium,78,86,77,83,46,72,77,89,82,79,81,85,77,62,75,84,78,78,77,85,72,83,79,77,74,82,61,42,85,78,85,80,44,41,41,15,12,7,12,10,85,82,83,83,83,82,84,83,79,83,67,65,67,65,60,65,22
208418,Y. Carrasco,Yannick Carrasco,28,181,73,https://cdn.sofifa.net/players/208/418/23_60.png,Belgium,85,85,0,2153,458,LM,LM,Atlético de Madrid,54500000,90000,111700000,LM,2024,21,2020,FALSE,Belgium,LM,11,Right,3,4,4,High,High,89,82,80,87,53,67,81,81,53,80,74,90,87,80,74,86,89,89,87,81,71,85,71,79,61,82,65,47,82,80,81,84,44,64,60,9,11,9,10,10,82,84,83,83,83,84,85,85,82,85,75,71,75,72,64,72,21
208574,F. Kostić,Filip Kostić,29,184,84,https://cdn.sofifa.net/players/208/574/23_60.png,Serbia,85,85,0,2234,474,"LM,LWB",LM,Juventus,53000000,165000,90100000,LW,2026,17,2022,FALSE,Not in team,,,Left,3,2,3,High,High,84,78,82,82,68,80,92,76,59,80,75,84,83,80,77,82,87,82,76,82,79,86,67,90,77,78,80,63,79,81,66,82,69,72,68,13,14,12,12,13,81,82,81,81,81,82,84,85,83,85,82,79,82,79,74,79,24
208830,J. Vardy,Jamie Vardy,35,179,74,https://cdn.sofifa.net/players/208/830/23_60.png,England,85,85,0,2118,441,ST,ST,Leicester City,23000000,110000,43700000,ST,2024,9,2012,FALSE,Not in team,,,Right,3,4,3,High,Medium,84,84,70,79,52,72,69,90,78,74,85,76,69,61,60,83,85,84,74,88,75,87,80,73,65,65,86,49,90,74,85,86,45,52,54,15,14,7,15,11,85,80,82,82,82,80,82,82,76,82,70,68,70,69,66,69,25
251854,Pedri,Pedro González López,19,174,61,https://cdn.sofifa.net/players/251/854/23_60.png,Spain,85,93,8,2109,455,CM,CM,FC Barcelona,116000000,115000,261000000,CM,2026,8,2020,FALSE,Spain,CM,10,Right,2,4,4,High,High,79,67,81,87,68,73,68,68,50,87,56,87,79,62,85,88,82,76,88,85,90,66,65,88,70,67,62,72,77,88,53,87,68,73,63,12,7,11,8,8,76,81,80,80,80,81,85,84,86,84,79,80,79,77,72,77,19
237692,P. Foden,Phil Foden,22,171,69,https://cdn.sofifa.net/players/237/692/23_60.png,England,85,92,7,2083,445,"LW,CF,CAM",CAM,Manchester City,109500000,180000,224500000,LW,2024,47,2016,FALSE,England,RW,20,Left,3,3,4,High,High,82,78,81,88,56,60,76,79,47,85,59,87,73,68,81,91,86,78,91,83,91,82,49,83,47,77,64,59,82,85,64,84,58,59,47,8,15,6,10,13,80,84,83,83,83,84,88,87,85,87,75,74,75,72,62,72,22
235243,M. de Ligt,Matthijs de Ligt,22,189,89,https://cdn.sofifa.net/players/235/243/23_60.png,Netherlands,85,89,4,1982,435,CB,CB,FC Bayern München,71000000,77000,122500000,CB,2027,4,2022,FALSE,Netherlands,CB,3,Right,3,3,2,Medium,High,75,59,61,69,84,87,52,50,85,75,45,65,48,55,67,73,69,79,60,84,62,82,93,75,93,66,83,81,44,45,40,82,84,86,85,12,11,11,12,10,71,64,65,65,65,64,67,68,71,68,79,81,79,81,87,81,22
234236,P. Schick,Patrik Schick,26,191,86,https://cdn.sofifa.net/players/234/236/23_60.png,Czech Republic,85,87,2,1999,427,ST,ST,Bayer 04 Leverkusen,67500000,95000,119800000,ST,2027,14,2020,FALSE,Czech Republic,SUB,6,Left,3,3,4,High,Medium,78,83,71,83,36,76,64,87,86,78,80,83,78,56,64,85,74,82,83,82,67,82,75,69,83,80,65,25,86,74,67,84,44,24,19,11,15,8,9,14,87,80,82,82,82,80,83,81,75,81,60,60,60,57,55,57,23
232656,T. Hernández,Theo Hernández,24,184,81,https://cdn.sofifa.net/players/232/656/23_60.png,France,85,90,5,2195,483,LB,LWB,AC Milan,76000000,82000,134900000,LB,2026,19,2019,FALSE,France,SUB,22,Left,3,3,3,High,Medium,93,72,76,81,78,83,84,69,74,79,66,83,69,64,68,79,92,94,78,85,76,83,68,90,81,72,82,78,80,73,50,80,74,81,80,12,10,7,7,7,82,81,80,80,80,81,82,84,81,84,86,82,86,85,82,85,20
224458,Diogo Jota,Diogo José Teixeira da Silva,25,178,73,https://cdn.sofifa.net/players/224/458/23_60.png,Portugal,85,89,4,2183,462,"CF,LW",ST,Liverpool,76000000,170000,146300000,SUB,2025,20,2020,FALSE,Portugal,LW,19,Right,2,5,4,High,High,85,83,75,85,57,77,73,86,84,77,79,85,77,58,72,84,88,82,86,87,85,85,81,83,71,75,85,56,89,77,69,80,53,57,45,7,12,15,9,11,86,83,84,84,84,83,84,84,80,84,72,71,72,70,68,70,21
185122,P. Gulácsi,Péter Gulácsi,32,191,86,https://cdn.sofifa.net/players/185/122/23_60.png,Hungary,85,85,0,1305,456,GK,GK,RB Leipzig,26500000,65000,45100000,GK,2025,1,2015,FALSE,Hungary,GK,1,Right,3,2,1,Medium,Medium,85,84,76,85,43,83,16,10,23,35,10,19,18,11,31,25,42,44,41,81,42,57,67,37,74,12,34,23,11,44,24,45,25,16,20,85,84,76,83,85,34,29,31,31,31,29,34,34,36,34,34,36,34,34,36,34,85
177683,Y. Sommer,Yann Sommer,33,183,79,https://cdn.sofifa.net/players/177/683/23_60.png,Switzerland,85,85,0,1356,467,GK,GK,Borussia Mönchengladbach,17500000,40000,29800000,GK,2023,1,2014,FALSE,Not in team,,,Right,3,4,1,Medium,Medium,78,81,82,90,50,86,13,13,10,40,8,15,12,13,31,25,48,54,55,82,58,62,73,45,68,12,38,21,15,64,24,57,9,19,12,78,81,82,86,90,35,32,34,34,34,32,39,37,40,37,33,36,33,32,32,32,85
188350,M. Reus,Marco Reus,33,180,71,https://cdn.sofifa.net/players/188/350/23_60.png,Germany,85,85,0,2154,441,"CAM,CF,RM",CAM,Borussia Dortmund,33500000,78000,57000000,CAM,2023,11,2012,FALSE,Germany,SUB,11,Right,4,4,4,High,Medium,70,84,84,85,53,65,84,84,44,85,87,86,88,85,79,86,75,66,83,86,81,86,68,72,66,81,51,56,84,86,79,86,59,47,59,12,12,13,13,11,82,83,83,83,83,83,85,85,83,85,74,72,74,70,62,70,23
220814,L. Hernández,Lucas Hernández,26,184,79,https://cdn.sofifa.net/players/220/814/23_60.png,France,84,86,2,2014,436,"CB,LB",CB,FC Bayern München,46000000,82000,79400000,SUB,2024,21,2019,FALSE,France,CB,21,Left,3,2,2,Medium,Medium,77,54,70,71,84,80,78,53,82,77,46,65,59,39,63,76,77,77,70,85,72,62,86,76,78,51,90,83,62,63,42,77,85,85,83,10,7,8,14,10,71,70,68,68,68,70,72,74,74,74,83,82,83,84,86,84,21